{
    "IMG_1225.jpg": [
        77.65538612725183,
        91.62685134335369,
        99.25564900439342
    ],
    "IMG_1226.jpg": [
        87.70109986510036,
        115.08413446397077,
        97.03121309287604
    ],
    "IMG_1227.jpg": [
        88.13620410066032,
        127.70401077097506,
        111.66818617396804
    ],
    "IMG_1228.jpg": [
        72.15757972266839,
        123.00089848342887,
        143.64426043372595
    ],
    "IMG_1229.jpg": [
        90.97869400943247,
        111.90386046876313,
        125.27645322210674
    ],
    "IMG_1230.jpg": [
        84.83082094238158,
        99.88121105888342,
        105.59147848954396
    ],
    "IMG_1231.jpg": [
        67.98569725922776,
        82.25375386458596,
        94.19463185061834
    ],
    "IMG_1232.jpg": [
        97.66306182484568,
        120.6881489912709,
        140.31382324341774
    ],
    "IMG_1233.jpg": [
        106.15309755750295,
        115.87301980977576,
        139.96014161837576
    ],
    "IMG_1234.jpg": [
        118.25891799138637,
        131.6927278531011,
        138.9263255890705
    ],
    "IMG_1235.jpg": [
        77.75972724159108,
        107.52375900205762,
        131.79937836921033
    ],
    "IMG_1236.jpg": [
        78.61906861510036,
        103.67431890773284,
        152.8937241322069
    ],
    "IMG_1237.jpg": [
        109.87149702184115,
        110.48219747968632,
        112.11058227303268
    ],
    "IMG_1238.jpg": [
        85.32484871359809,
        92.0905257936508,
        98.69126116399492
    ],
    "IMG_1239.jpg": [
        89.67768598565969,
        105.9644997756047,
        112.12879593870727
    ],
    "IMG_1240.jpg": [
        89.20394195969283,
        100.6785192665029,
        111.17736415553875
    ],
    "IMG_1241.jpg": [
        100.99804326630344,
        121.26790175946923,
        128.60397130495716
    ],
    "IMG_1242.jpg": [
        89.06860542249306,
        113.5714066732017,
        119.14253096589717
    ],
    "IMG_1243.jpg": [
        100.78911654843265,
        115.41253971206538,
        130.9256644594566
    ],
    "IMG_1244.jpg": [
        103.26581339036386,
        114.91974463878915,
        128.89099956630028
    ],
    "IMG_1245.jpg": [
        90.3250969755186,
        113.01729082354392,
        148.0582619139477
    ],
    "IMG_1246.jpg": [
        100.4774513055608,
        138.5136079026518,
        152.12201019489586
    ],
    "IMG_1247.jpg": [
        83.68897448061014,
        95.56262244963573,
        107.30194489061057
    ],
    "IMG_1248.jpg": [
        97.65684584501238,
        103.06154878039179,
        133.17058972991202
    ],
    "IMG_1249.jpg": [
        137.41932955666834,
        145.34329915897686,
        151.5224041005291
    ],
    "IMG_1250.jpg": [
        91.9023487529657,
        119.20794441426261,
        124.18526744706371
    ],
    "IMG_1251.jpg": [
        94.15607924303981,
        107.96497866604203,
        116.88297759786785
    ],
    "IMG_1252.jpg": [
        104.35178935578861,
        121.92949591101873,
        132.56039284926933
    ],
    "IMG_1253.jpg": [
        94.89116532029479,
        110.41847692008902,
        116.07868656239502
    ],
    "IMG_1254.jpg": [
        114.60478039113022,
        116.30123282916561,
        82.4929848579092
    ],
    "IMG_1255.jpg": [
        134.84697879923576,
        118.11757084199421,
        81.84396627574641
    ],
    "IMG_1256.jpg": [
        103.78226510994058,
        121.77705210170488,
        129.33984891699737
    ],
    "IMG_1257.jpg": [
        109.70273304634354,
        128.45194159357416,
        137.10747616948015
    ],
    "IMG_1258.jpg": [
        104.20330518878076,
        124.61710441796318,
        137.12362352830792
    ],
    "IMG_1259.jpg": [
        107.9643155680482,
        127.70606879422293,
        140.9869298751522
    ],
    "IMG_1260.jpg": [
        106.09438783711788,
        127.03577382920761,
        138.5248256999559
    ],
    "IMG_1261.jpg": [
        107.12836338721445,
        123.33931794650731,
        138.39099497341374
    ],
    "IMG_1262.jpg": [
        111.40668337165113,
        124.21185435497502,
        133.7647478406872
    ],
    "IMG_1263.jpg": [
        106.85066705115688,
        119.4695618747113,
        131.49876262715733
    ],
    "IMG_1264.jpg": [
        117.97279944964097,
        131.48867763251133,
        140.2310101365006
    ],
    "IMG_1265.jpg": [
        114.32997970600277,
        127.21421066980032,
        134.26624495766671
    ],
    "IMG_1266.jpg": [
        107.32302878230767,
        120.02947788393907,
        136.76571185476504
    ],
    "IMG_1267.jpg": [
        108.40053882760667,
        122.40797823759134,
        135.22400253986626
    ],
    "IMG_1268.jpg": [
        105.71029310161565,
        121.96367748488284,
        139.95698622330877
    ],
    "IMG_1269.jpg": [
        102.76039419432897,
        120.73638848865163,
        131.0408445399765
    ],
    "IMG_1270.jpg": [
        115.44527551086021,
        124.31589561943605,
        133.14827133592635
    ],
    "IMG_1271.jpg": [
        92.11967741861405,
        109.34268494241833,
        121.04139429209184
    ],
    "IMG_1272.jpg": [
        71.06748615244709,
        118.50084443499622,
        154.4007850391314
    ],
    "IMG_1273.jpg": [
        122.84867931547619,
        136.24148281997984,
        145.59529640849397
    ],
    "IMG_1274.jpg": [
        128.31717490236835,
        135.3469094138427,
        138.391725816484
    ],
    "IMG_1275.jpg": [
        118.04655366197404,
        126.13457838285777,
        135.45932441263543
    ],
    "IMG_1276.jpg": [
        101.64826797327727,
        117.61749825798375,
        138.1971543295173
    ],
    "IMG_1277.jpg": [
        122.0266204523862,
        134.36128572281535,
        146.4806141640684
    ],
    "IMG_1278.jpg": [
        81.8449325042517,
        122.51239292013102,
        146.2554374855652
    ],
    "IMG_1279.jpg": [
        118.38703852972516,
        114.41064949320777,
        111.45676461653335
    ],
    "IMG_1280.jpg": [
        119.57061784493891,
        130.5286856930272,
        142.14302691562736
    ],
    "IMG_1281.jpg": [
        106.33893886933632,
        119.02887121283699,
        131.3748014396731
    ],
    "IMG_1282.jpg": [
        100.9988293880438,
        109.90941039803268,
        121.99672445174058
    ],
    "IMG_1283.jpg": [
        112.01455625170593,
        124.70783344684324,
        141.19218556442638
    ],
    "IMG_1284.jpg": [
        121.1195572654216,
        136.08501662624926,
        152.74199361457545
    ],
    "IMG_1285.jpg": [
        94.46239393712732,
        91.2924471293147,
        89.21629124740174
    ],
    "IMG_1286.jpg": [
        87.79180904614933,
        95.9483711984022,
        134.37296510521648
    ],
    "IMG_1287.jpg": [
        113.68139613580772,
        114.80846924996851,
        100.64222529289493
    ],
    "IMG_1288.jpg": [
        84.91209346392878,
        114.90829654103153,
        129.5793645872701
    ],
    "IMG_1289.jpg": [
        91.60202917007852,
        131.8371675734337,
        109.49232676288108
    ],
    "IMG_1290.jpg": [
        92.86956882965377,
        118.09749959976274,
        111.23053657709225
    ],
    "IMG_1291.jpg": [
        87.9949175609673,
        116.96065142878139,
        102.51645992115982
    ],
    "IMG_1292.jpg": [
        91.2714219609526,
        110.93586608061435,
        113.10870074785315
    ],
    "IMG_1293.jpg": [
        108.43657486142605,
        103.48513085789871,
        101.85947317294973
    ],
    "IMG_1294.jpg": [
        97.05759069638658,
        98.06180622808537,
        97.6827744938639
    ],
    "IMG_1295.jpg": [
        68.26242154365605,
        134.04027854872658,
        164.0529045578494
    ]
}